name,age,gender,salary
Arjun,24,male,28000
Sneha,27,female,32000
Ravi,35,male,45000
Meera,30,female,40000
Karan,40,male,60000
Aisha,29,female,38000
Vikram,50,male,75000
Divya,33,female,42000
Rahul,28,male,35000
Neha,26,female,31000
Suresh,45,male,68000
Pooja,38,female,52000
Rahul,26,male,25742
Priya,49,female,44822
Aisha,37,female,36817
Kavya,46,female,40387
Kavya,34,female,38528
Vikram,52,male,54247
Meera,52,female,51939
Sneha,42,female,36154
Aisha,36,female,39740
Deepak,48,male,52265
Kavya,44,female,43843
Priya,33,female,37089
Priya,45,female,39827
Neha,35,female,31376
Deepak,49,male,47808
Suresh,53,male,45896
Aisha,40,female,38273
Shreya,25,female,18610
Aisha,33,female,27332
Suresh,51,male,58926
Deepak,47,male,38350
Aisha,30,female,33569
Deepak,34,male,31232
Aisha,37,female,30697
Ravi,30,male,26077
Amit,38,male,33999
Meera,55,female,49199
Arjun,36,male,30356
Karan,53,male,47879
Shreya,42,female,44070
Pooja,47,female,41840
Anita,32,female,26821
Divya,55,female,45106
Priya,31,female,33109
Suresh,31,male,24390
Aisha,40,female,35082
Aisha,31,female,27027
Sneha,39,female,33439
Aisha,24,female,26657
Kavya,27,female,26092
Shreya,51,female,55777
Anita,52,female,46258
Kavya,42,female,32740
Rohit,34,male,32474
Anita,22,female,19360
Pooja,47,female,36448
Neha,46,female,42390
Arjun,42,male,38609
Rohit,45,male,43789
Vikram,29,male,28745
Ravi,53,male,42589
Priya,53,female,53942
Anita,42,female,43193
Divya,31,female,30896
Ravi,50,male,48179
Karan,31,male,33091
Neha,54,female,54802
Priya,49,female,48752
Vikram,22,male,20815
Kavya,22,female,19851
Rohit,49,male,43701
Shreya,23,female,21177
Rahul,40,male,34608
Deepak,38,male,37952
Karan,33,male,28578
Anita,52,female,40960
Rahul,41,male,34358
Shreya,50,female,40448
Sneha,33,female,33777
Pooja,50,female,47068
Divya,55,female,59560
Ravi,51,male,56766
Shreya,32,female,32658
Priya,49,female,44225
Deepak,23,male,24637
Aisha,41,female,35427
Meera,49,female,43548
Aisha,26,female,19794
Vikram,43,male,39667
Neha,49,female,46103
Amit,35,male,37723
Neha,43,female,42043
Meera,35,female,30080
Divya,54,female,51554
Shreya,44,female,43050
Rahul,24,male,18750
Meera,33,female,30829
Aisha,49,female,51003
Aisha,46,female,42508
Divya,24,female,21542
Karan,32,male,26452
Neha,46,female,41019
Rahul,29,male,23772
Suresh,33,male,29614
Priya,37,female,36515
Kavya,23,female,24691
Suresh,29,male,26074
Meera,47,female,42887
Ravi,49,male,41347
Sneha,32,female,27772
Neha,30,female,24647
Meera,51,female,62508
Vikram,47,male,44014
Rohit,22,male,26469
Divya,43,female,50353
Rahul,54,male,59815
Divya,58,female,70216
Rahul,36,male,35788
Kavya,55,female,51993
Vikram,23,male,17995
Divya,38,female,37799
Rahul,26,male,22166
Divya,32,female,28838
Pooja,24,female,29578
Karan,49,male,50007
Ravi,26,male,27676
Manoj,22,male,14613
Amit,25,male,23133
Anita,26,female,19866
Neha,44,female,43480
Divya,60,female,74740
Ravi,45,male,56174
Vikram,27,male,35811
Suresh,36,male,33060
Pooja,35,female,43272
Rahul,32,male,25992
Arjun,51,male,63477
Anita,29,female,35059
Anita,28,female,26849
Anita,55,female,59709
Neha,27,female,27757
Vikram,28,male,22901
Anita,42,female,50475
Rahul,46,male,57561
Suresh,23,male,28991
Ravi,46,male,48273
Karan,47,male,58759
Pooja,39,female,40245
Rahul,27,male,30147
Priya,29,female,33460
Meera,54,female,48626
Sneha,36,female,32602
Vikram,33,male,44656
Manoj,43,male,51351
Suresh,55,male,59189
Arjun,58,male,70542
Aisha,29,female,22248
Kavya,55,female,61669
Rahul,49,male,49106
Manoj,27,male,21346
Pooja,25,female,23537
Deepak,24,male,31376
Priya,41,female,41982
Meera,43,female,45279
Vikram,57,male,62043
Rahul,31,male,35724
Rahul,45,male,55675
Shreya,49,female,42309
Rohit,58,male,75901
Aisha,25,female,28369
Shreya,56,female,73054
Pooja,26,female,21015
Vikram,56,male,54226
Arjun,25,male,31714
Divya,59,female,58358
Sneha,40,female,52492
Anita,31,female,28718
Shreya,48,female,61899
Shreya,40,female,52389
Suresh,40,male,48856
Aisha,59,female,69437
Neha,60,female,61161
Meera,45,female,43128
Divya,58,female,77631
Amit,39,male,40811
Rahul,31,male,38467
Arjun,55,male,52494
Priya,39,female,49983
Manoj,40,male,44156
Rahul,35,male,43849
Vikram,49,male,56595
Kavya,29,female,26269
Kavya,32,female,38464
Karan,43,male,39692
Pooja,56,female,61731
Manoj,37,male,36151
Vikram,53,male,65756
Ravi,53,male,46120
Meera,54,female,67987
Vikram,49,male,55327
Rohit,25,male,19576
Anita,56,female,64589
Meera,49,female,54348
Shreya,33,female,32036
Rohit,55,male,64034
Rohit,27,male,19882
Neha,45,female,56213
Karan,40,male,56264
Pooja,36,female,31589
Sneha,32,female,30292
Rahul,58,male,66879
Manoj,57,male,69231
Vikram,30,male,26700
Aisha,57,female,68965
Vikram,55,male,56056
Karan,39,male,50116
Arjun,28,male,23398
Ravi,26,male,26666
Sneha,55,female,64437
Kavya,52,female,46276
Divya,47,female,50117
Manoj,29,male,37937
Arjun,33,male,35251
Pooja,35,female,32163
Shreya,60,female,69055
Amit,52,male,54342
Rohit,58,male,62831
Sneha,24,female,19129
Suresh,26,male,27930
Manoj,39,male,52878
Pooja,25,female,26961
Rohit,44,male,45574
Suresh,55,male,70807
Neha,43,female,37521
Pooja,43,female,39128
Rohit,47,male,56803
Manoj,40,male,50194
Kavya,43,female,53563
Rahul,59,male,73071
Meera,35,female,42615
Ravi,33,male,40911
Anita,52,female,53725
Karan,58,male,77213
Karan,45,male,51020
Anita,47,female,46353
Aisha,50,female,64160
Kavya,33,female,33125
Rahul,25,male,20955
Meera,58,female,78152
Karan,34,male,38697
Vikram,42,male,39068
Vikram,41,male,35296
Arjun,42,male,46948
Priya,42,female,45483
Pooja,55,female,63032
Aisha,33,female,31919
Karan,49,male,64765
Kavya,58,female,68251
Anita,29,female,27324
Rohit,29,male,36836
Sneha,38,female,33857
Arjun,57,male,64148
Priya,31,female,25536
Priya,32,female,31360
Kavya,46,female,40772
Amit,25,male,21122
Divya,36,female,33755
Karan,56,male,64561
Karan,59,male,74720
Suresh,29,male,29479
Anita,23,female,26986
Rahul,48,male,49293
Neha,24,female,26073
Sneha,58,female,80888
Manoj,25,male,30116
Kavya,48,female,63324
Rohit,59,male,68345
Rohit,56,male,57066
Pooja,56,female,54743
Manoj,34,male,37605
Pooja,47,female,53920
Rohit,55,male,54466
Suresh,47,male,46242
Neha,25,female,18477
Anita,32,female,33982
Neha,26,female,31761
Rahul,53,male,57811
Rahul,42,male,49187
Divya,28,female,36160
Divya,28,female,37904
Neha,59,female,65930
Rohit,42,male,38012
Rahul,28,male,23454
Sneha,23,female,23188
Vikram,30,male,40198
Anita,47,female,47866
Amit,44,male,60420
Anita,36,female,31774
Deepak,26,male,29369
Anita,56,female,67362
Priya,48,female,59631
Karan,58,male,77228
Priya,31,female,24339
Rahul,56,male,67164
Arjun,36,male,39219
Shreya,34,female,38716
Shreya,27,female,31035
Deepak,24,male,20814
Divya,54,female,56876
Manoj,33,male,34751
Shreya,36,female,42555
Meera,34,female,33711
Neha,55,female,61419
Aisha,35,female,43209
Meera,57,female,54947
Rahul,59,male,59653
Arjun,58,male,61497
Suresh,41,male,40880
Divya,41,female,54707
Rohit,50,male,50397
Neha,40,female,45724
Priya,29,female,35058
Rahul,57,male,72817
Rohit,49,male,44379
Neha,50,female,52631
Deepak,55,male,67511
Sneha,52,female,50285
Vikram,33,male,29972
Pooja,57,female,60557
Arjun,35,male,38091
Shreya,49,female,59566
Priya,25,female,18716
Shreya,60,female,66147
Rahul,52,male,47302
Anita,36,female,46390
Neha,49,female,53898
Meera,48,female,48317
Ravi,57,male,70849
Pooja,35,female,45294
Aisha,45,female,45878
Vikram,49,male,46644
Meera,22,female,19688
Vikram,26,male,18523
Arjun,39,male,37866
Neha,52,female,62090
Amit,39,male,43906
Priya,28,female,24131
Pooja,55,female,70703
Vikram,44,male,53858
Divya,44,female,50762
Arjun,34,male,37994
Rahul,36,male,38765
Deepak,27,male,28799
Meera,50,female,47075
Divya,23,female,27751
Kavya,53,female,59556
Shreya,36,female,38006
Manoj,38,male,37056
Amit,35,male,28752
Shreya,56,female,69242
Ravi,34,male,38711
Anita,56,female,58672
Kavya,59,female,67155
Shreya,47,female,47234
Kavya,58,female,76379
Arjun,47,male,65862
Suresh,56,male,60766
Shreya,40,female,36834
Arjun,30,male,35791
Manoj,53,male,58155
Meera,43,female,37192
Pooja,49,female,59934
Priya,33,female,33041
Shreya,57,female,59742
Amit,58,male,53898
Priya,53,female,64232
Shreya,44,female,50277
Ravi,34,male,39337
Shreya,32,female,35609
Karan,60,male,65374
Meera,53,female,57533
Kavya,28,female,27556
Sneha,54,female,70821
Meera,52,female,47072
Ravi,34,male,28998
Vikram,27,male,30610
Karan,55,male,52005
Rohit,25,male,18486
Neha,43,female,47615
Shreya,36,female,39450
Manoj,35,male,33158
Neha,48,female,48838
Karan,47,male,54189
Manoj,45,male,58046
Neha,57,female,56284
Sneha,50,female,56239
Arjun,49,male,57175
Deepak,31,male,31855
Neha,26,female,19502
Karan,31,male,37895
Rohit,58,male,69398
Manoj,34,male,36859
Deepak,32,male,36334
Arjun,41,male,41644
Shreya,22,female,26774
Divya,24,female,31528
Priya,38,female,39830
Karan,24,male,16222
Aisha,58,female,69297
Amit,55,male,60400
Anita,51,female,44900
Deepak,56,male,60251
Rohit,36,male,29919
Priya,55,female,61195
Vikram,28,male,36910
Arjun,43,male,49366
Shreya,52,female,55013
Neha,43,female,51393
Kavya,31,female,28138
Ravi,53,male,62547
Rohit,31,male,30392
Arjun,30,male,29681
Rahul,41,male,42381
Kavya,26,female,30278
Meera,57,female,58238
Pooja,53,female,52871
Deepak,38,male,46345
Pooja,40,female,46985
Suresh,54,male,55229
Priya,50,female,60684
Meera,36,female,39826
Suresh,60,male,59336
Suresh,38,male,32907
Rohit,50,male,53250
Meera,40,female,43715
Priya,22,female,21483
Ravi,40,male,53636
Arjun,22,male,25222
Priya,50,female,60179
Suresh,28,male,25971
Rahul,39,male,47244
Shreya,38,female,34545
Priya,33,female,30996
Pooja,60,female,68108
Shreya,38,female,41454
Manoj,42,male,40192
Rohit,37,male,48245
Neha,27,female,28604
Rahul,36,male,42068
Sneha,56,female,49435
Manoj,29,male,31079
Suresh,25,male,22998
Rahul,22,male,16636
Anita,45,female,45832
Anita,40,female,39130
Vikram,40,male,39922
Suresh,30,male,22267
Karan,35,male,36399
Shreya,50,female,47253
Vikram,26,male,25782
Amit,30,male,31598
Vikram,48,male,51865
Priya,50,female,54596
Amit,54,male,58862
Arjun,46,male,53003
Suresh,35,male,35649
Meera,27,female,25974
Karan,38,male,48172
Amit,38,male,31428
Karan,45,male,56580
Manoj,53,male,43744
Vikram,49,male,49348
Rahul,51,male,47814
Vikram,22,male,18574
Neha,51,female,64343
Neha,45,female,54418
Amit,46,male,56928
Divya,46,female,53132
Rahul,32,male,25913
Manoj,26,male,32693
Rahul,38,male,32612
Ravi,33,male,34862
Manoj,25,male,32112
Rohit,36,male,37588
Sneha,24,female,20251
Meera,26,female,19769
Amit,27,male,22452
Ravi,29,male,29360
Sneha,52,female,59546
Pooja,27,female,32418
Rohit,44,male,52828
Suresh,40,male,43838
Anita,45,female,54165
Divya,39,female,44663
Priya,50,female,58669
Karan,51,male,46705
Neha,34,female,34320
Divya,42,female,55017
Arjun,54,male,50486
Sneha,58,female,74786
Kavya,27,female,23056
Rahul,23,male,25086
Pooja,27,female,22961
Rohit,53,male,61499
Kavya,30,female,29193
Anita,38,female,38513
Priya,34,female,34328
Amit,40,male,38983
Priya,54,female,57141
Priya,49,female,52803
Aisha,53,female,74270
Arjun,32,male,38387
Neha,26,female,23829
Meera,54,female,66071
Manoj,34,male,44974
Vikram,31,male,36263
Pooja,45,female,52413
Rahul,42,male,52103
Ravi,45,male,50586
Deepak,26,male,21361
Rahul,46,male,59083
Rahul,37,male,44026
Manoj,27,male,31148
Shreya,58,female,51598
Amit,24,male,20860
Meera,52,female,55659
Divya,43,female,53162
Karan,56,male,62992
Kavya,42,female,38725
Arjun,58,male,78125
Pooja,26,female,31996
Manoj,35,male,43613
Neha,24,female,20426
Karan,34,male,44529
Aisha,29,female,24273
Karan,23,male,22997
Priya,32,female,41533
Pooja,28,female,38039
Neha,52,female,52173
Neha,57,female,65626
Vikram,42,male,41250
Neha,29,female,33018
Manoj,56,male,56768
Kavya,46,female,53656
Rohit,54,male,61652
Rahul,46,male,52855
Sneha,50,female,63755
Divya,52,female,50860
Amit,48,male,56654
Aisha,44,female,58670
Amit,40,male,38236
Neha,45,female,51241
Pooja,32,female,41806
Anita,51,female,64989
Suresh,24,male,18466
Meera,50,female,65929
Divya,39,female,44654
Divya,56,female,68466
Kavya,29,female,25241
Shreya,35,female,34728
Amit,41,male,48004
Rohit,38,male,40623
Rohit,58,male,60305
Vikram,35,male,32789
Ravi,31,male,27242
Arjun,39,male,41627
Vikram,44,male,38592
Shreya,27,female,34300
Rahul,45,male,50331
Shreya,38,female,46164
Arjun,39,male,47643
Neha,57,female,65697
Deepak,35,male,30195
Divya,44,female,50203
Aisha,53,female,52545
Neha,41,female,49239
Anita,26,female,28159
Arjun,53,male,63608
Shreya,27,female,29060
Meera,46,female,46874
Priya,26,female,30087
Ravi,25,male,33920
Aisha,57,female,60127
Arjun,28,male,28364
Anita,27,female,21208
Priya,42,female,50628
Anita,32,female,30436
Aisha,37,female,44498
Rahul,27,male,34751
Arjun,44,male,40189
Anita,42,female,50946
Rohit,59,male,65876
Amit,24,male,23827
Vikram,45,male,53987
Amit,40,male,41715
Suresh,26,male,30904
Ravi,27,male,23680
Deepak,45,male,58853
Manoj,51,male,49631
Rohit,54,male,69552
Amit,43,male,39516
Pooja,42,female,43087
Divya,43,female,49067
Rohit,26,male,22878
Deepak,22,male,28429
Ravi,52,male,49551
Sneha,59,female,64998
Suresh,23,male,30746
Anita,40,female,38397
Anita,34,female,29210
